{
  "hash": "72a90518",
  "configHash": "46bdde95",
  "lockfileHash": "ae10e5e0",
  "browserHash": "f19444dc",
  "optimized": {
    "@angular/common": {
      "src": "../../../../../node_modules/@angular/common/fesm2022/common.mjs",
      "file": "@angular_common.js",
      "fileHash": "d83fd63f",
      "needsInterop": false
    },
    "@angular/common/http": {
      "src": "../../../../../node_modules/@angular/common/fesm2022/http.mjs",
      "file": "@angular_common_http.js",
      "fileHash": "c8aecd37",
      "needsInterop": false
    },
    "@angular/core": {
      "src": "../../../../../node_modules/@angular/core/fesm2022/core.mjs",
      "file": "@angular_core.js",
      "fileHash": "8a937c04",
      "needsInterop": false
    },
    "@angular/forms": {
      "src": "../../../../../node_modules/@angular/forms/fesm2022/forms.mjs",
      "file": "@angular_forms.js",
      "fileHash": "8ad45d4a",
      "needsInterop": false
    },
    "@angular/material/dialog": {
      "src": "../../../../../node_modules/@angular/material/fesm2022/dialog.mjs",
      "file": "@angular_material_dialog.js",
      "fileHash": "f25266e2",
      "needsInterop": false
    },
    "@angular/platform-browser": {
      "src": "../../../../../node_modules/@angular/platform-browser/fesm2022/platform-browser.mjs",
      "file": "@angular_platform-browser.js",
      "fileHash": "a8ded71c",
      "needsInterop": false
    },
    "@angular/platform-browser/animations/async": {
      "src": "../../../../../node_modules/@angular/platform-browser/fesm2022/animations/async.mjs",
      "file": "@angular_platform-browser_animations_async.js",
      "fileHash": "e7a2a954",
      "needsInterop": false
    },
    "@angular/router": {
      "src": "../../../../../node_modules/@angular/router/fesm2022/router.mjs",
      "file": "@angular_router.js",
      "fileHash": "0959121c",
      "needsInterop": false
    },
    "rxjs": {
      "src": "../../../../../node_modules/rxjs/dist/esm5/index.js",
      "file": "rxjs.js",
      "fileHash": "608cbf0e",
      "needsInterop": false
    },
    "rxjs/internal/operators/first": {
      "src": "../../../../../node_modules/rxjs/dist/esm5/internal/operators/first.js",
      "file": "rxjs_internal_operators_first.js",
      "fileHash": "b7f072a5",
      "needsInterop": false
    },
    "rxjs/operators": {
      "src": "../../../../../node_modules/rxjs/dist/esm5/operators/index.js",
      "file": "rxjs_operators.js",
      "fileHash": "3de36403",
      "needsInterop": false
    }
  },
  "chunks": {
    "browser-5JUKVZTI": {
      "file": "browser-5JUKVZTI.js"
    },
    "chunk-WGMFFMTC": {
      "file": "chunk-WGMFFMTC.js"
    },
    "chunk-BCSHAULC": {
      "file": "chunk-BCSHAULC.js"
    },
    "chunk-TN352MMY": {
      "file": "chunk-TN352MMY.js"
    },
    "chunk-RBMCGU5G": {
      "file": "chunk-RBMCGU5G.js"
    },
    "chunk-XGWWZUK3": {
      "file": "chunk-XGWWZUK3.js"
    },
    "chunk-IRSMNKNS": {
      "file": "chunk-IRSMNKNS.js"
    },
    "chunk-UDELS7O7": {
      "file": "chunk-UDELS7O7.js"
    },
    "chunk-SB2EDO3R": {
      "file": "chunk-SB2EDO3R.js"
    },
    "chunk-G4CLNUOP": {
      "file": "chunk-G4CLNUOP.js"
    }
  }
}